{
  "version" : 0.0,
  "dataset" : {
    "item_count" : 7110,
    "evaluation_time" : "2023-01-23T03:07:55.237Z"
  },
  "multiclass_classification_metrics" : {
    "confusion_matrix" : {
      "0" : {
        "0" : 893,
        "1" : 612,
        "_1" : 865
      },
      "1" : {
        "0" : 383,
        "1" : 1633,
        "_1" : 354
      },
      "_1" : {
        "0" : 589,
        "1" : 483,
        "_1" : 1298
      }
    },
    "accuracy" : {
      "value" : 0.5378340365682138,
      "standard_deviation" : 0.0032668025591655386
    },
    "weighted_recall" : {
      "value" : 0.5378340365682137,
      "standard_deviation" : 0.0032668025591655447
    },
    "weighted_precision" : {
      "value" : 0.5310402330386055,
      "standard_deviation" : 0.0034128188488220827
    },
    "weighted_f0_5" : {
      "value" : 0.5302505315575283,
      "standard_deviation" : 0.00332891298675927
    },
    "weighted_f1" : {
      "value" : 0.5311907862555779,
      "standard_deviation" : 0.0032635284651673447
    },
    "weighted_f2" : {
      "value" : 0.5344525816534134,
      "standard_deviation" : 0.0032508997477819395
    },
    "accuracy_best_constant_classifier" : {
      "value" : 0.3333333333333333,
      "standard_deviation" : 0.004438077175778986
    },
    "weighted_recall_best_constant_classifier" : {
      "value" : 0.3333333333333333,
      "standard_deviation" : 0.004438077175778986
    },
    "weighted_precision_best_constant_classifier" : {
      "value" : 0.1111111111111111,
      "standard_deviation" : 0.0029617533422348044
    },
    "weighted_f0_5_best_constant_classifier" : {
      "value" : 0.1282051282051282,
      "standard_deviation" : 0.0032855329915968804
    },
    "weighted_f1_best_constant_classifier" : {
      "value" : 0.16666666666666666,
      "standard_deviation" : 0.003885732794359235
    },
    "weighted_f2_best_constant_classifier" : {
      "value" : 0.2380952380952381,
      "standard_deviation" : 0.004529691881359643
    }
  }
}